name,music_content,music,link,content
소재헌,오늘은 목요일이니까 목요일밤 신청합니다!!,어반자카파 - 목요일 밤,https://youtu.be/Rcagb_psrbs?si=hnRsIPCyqTyeLR6a,ㅇㅇㅇㅇㅇ
김승수,소워닝,낭만고야잉,https://youtu.be/4c99_iQjwNw?si=l2C-jhEyOaoG0gcZ,안녕
김은주,은주닝,어반자카파 - 목요일 밤,https://youtu.be/Rcagb_psrbs?si=hnRsIPCyqTyeLR8a,내일믕람ㄴ아럼ㅇ나런ㅁ아러ㅏㄴ어리ㅏㅇㄴ머ㅣ런ㅇㅁ러ㅏㄴㅇㅁ러ㅣㄴㅇ러ㅏㄴㅇ머라ㅣㄴㅇ머리ㅓㅇㄴ라ㅣㄴㅁㅇ
김사랑,주연잉,낭만고야잉,https://youtu.be/Rcagb_psrbs?si=hnRsIPCyqTyeLR9a,ㅇㅇㅇㅇㅇ
권혁준,은수닝,낭만고야잉,https://youtu.be/Y2Ir-QjgltM?si=a4pAd9Psk9wqP39c,!안녕
한가희,오늘은 목요일이니까 목요일밤 신청합니다!!,낭만고야잉,https://youtu.be/4c99_iQjwNw?si=l2C-jhEyOaoG0gcZ,ㅇㅇㅇㅇㅇ
소재헌,서현닝,우리의 꿈,https://youtu.be/Rcagb_psrbs?si=hnRsIPCyqTyeLR12a,!안녕
김승수,오늘은 목요일이니까 목요일밤 신청합니다!!,어반자카파 - 목요일 밤,https://youtu.be/Rcagb_psrbs?si=hnRsIPCyqTyeLR13a,안녕
김은주,오늘은 목요일이니까 목요일밤 신청합니다!!,어반자카파 - 목요일 밤,https://youtu.be/Y2Ir-QjgltM?si=a4pAd9Psk9wqP39c,ㅇㅇㅇㅇㅇ
박사랑,오늘은 목요일이니까 목요일밤 신청합니다!!,낭만고야잉,https://youtu.be/Y2Ir-QjgltM?si=a4pAd9Psk9wqP39c,ㅇㅇㅇㅇㅇ
권혁준,오늘은 목요일이니까 목요일밤 신청합니다!!,어반자카파 - 목요일 밤,https://youtu.be/Rcagb_psrbs?si=hnRsIPCyqTyeLR16a,내일믕람ㄴ아럼ㅇ나런ㅁ아러ㅏㄴ어리ㅏㅇㄴ머ㅣ런ㅇㅁ러ㅏㄴㅇㅁ러ㅣㄴㅇ러ㅏㄴㅇ머라ㅣㄴㅇ머리ㅓㅇㄴ라ㅣㄴㅁㅇ
한가희,오늘은 목요일이니까 목요일밤 신청합니다!!,낭만고야잉,https://youtu.be/4c99_iQjwNw?si=l2C-jhEyOaoG0gcZ,안녕
소재헌,집 가고 싶어요!,어반자카파 - 목요일 밤,https://youtu.be/Rcagb_psrbs?si=hnRsIPCyqTyeLR18a,ㅇㅇㅇㅇㅇ
김승수,오늘은 목요일이니까 목요일밤 신청합니다!!,낭만고야잉,https://youtu.be/Y2Ir-QjgltM?si=a4pAd9Psk9wqP39c,!안녕
김은주,밥 먹고 싶어요!,어반자카파 - 목요일 밤,https://youtu.be/Rcagb_psrbs?si=hnRsIPCyqTyeLR20a,ㅇㅇㅇㅇㅇ
김사랑,오늘은 목요일이니까 목요일밤 신청합니다!!,어반자카파 - 목요일 밤,https://youtu.be/4c99_iQjwNw?si=l2C-jhEyOaoG0gcZ,ㅇㅇㅇㅇㅇ
권혁준,밥 먹고 싶어요!,우리의 꿈,https://youtu.be/Rcagb_psrbs?si=hnRsIPCyqTyeLR22a,ㅇㅇㅇㅇㅇ
한가희,오늘은 목요일이니까 목요일밤 신청합니다!!,낭만고야잉,https://youtu.be/Rcagb_psrbs?si=hnRsIPCyqTyeLR23a,!안녕
소재헌,오늘은 목요일이니까 목요일밤 신청합니다!!,낭만고야잉,https://youtu.be/4c99_iQjwNw?si=l2C-jhEyOaoG0gcZ,ㅇㅇㅇㅇㅇ
김승수,집 가고 싶어요!,어반자카파 - 목요일 밤,https://youtu.be/Y2Ir-QjgltM?si=a4pAd9Psk9wqP39c,!안녕
김은주,오늘은 목요일이니까 목요일밤 신청합니다!!,어반자카파 - 목요일 밤,https://youtu.be/Y2Ir-QjgltM?si=a4pAd9Psk9wqP39c,내일믕람ㄴ아럼ㅇ나런ㅁ아러ㅏㄴ어리ㅏㅇㄴ머ㅣ런ㅇㅁ러ㅏㄴㅇㅁ러ㅣㄴㅇ러ㅏㄴㅇ머라ㅣㄴㅇ머리ㅓㅇㄴ라ㅣㄴㅁㅇ
김사랑,집 가고 싶어요!,어반자카파 - 목요일 밤,https://youtu.be/Rcagb_psrbs?si=hnRsIPCyqTyeLR27a,ㅇㅇㅇㅇㅇ
권혁준,오늘은 목요일이니까 목요일밤 신청합니다!!,어반자카파 - 목요일 밤,https://youtu.be/Rcagb_psrbs?si=hnRsIPCyqTyeLR28a,ㅇㅇㅇㅇㅇ
한가희,집 가고 싶어요!,낭만고야잉,https://youtu.be/4c99_iQjwNw?si=l2C-jhEyOaoG0gcZ,!안녕
소재헌,오늘은 목요일이니까 목요일밤 신청합니다!!,어반자카파 - 목요일 밤,https://youtu.be/Y2Ir-QjgltM?si=a4pAd9Psk9wqP39c,ㅇㅇㅇㅇㅇ
김승수,밥 먹고 싶어요!,우리의 꿈,https://youtu.be/4c99_iQjwNw?si=l2C-jhEyOaoG0gcZ,내일믕람ㄴ아럼ㅇ나런ㅁ아러ㅏㄴ어리ㅏㅇㄴ머ㅣ런ㅇㅁ러ㅏㄴㅇㅁ러ㅣㄴㅇ러ㅏㄴㅇ머라ㅣㄴㅇ머리ㅓㅇㄴ라ㅣㄴㅁㅇ
